	species	antibiotics	Single-species-antibiotic Aytan-Aktug	Single-species-antibiotics default	Single-species-antibiotic Aytan-Aktug_std	Single-species-antibiotics default_std
0	Escherichia coli	amoxicillin	0.73	0.71	0.08	0.1
1	Escherichia coli	amoxicillin/clavulanic acid	0.64	0.65	0.06	0.05
2	Escherichia coli	ampicillin	0.82	0.79	0.04	0.05
3	Escherichia coli	aztreonam	0.69	0.71	0.16	0.15
4	Escherichia coli	cefotaxime	0.78	0.78	0.12	0.11
5	Escherichia coli	ceftazidime	0.77	0.76	0.12	0.13
6	Escherichia coli	ceftriaxone	0.71	0.7	0.13	0.09
7	Escherichia coli	cefuroxime	0.6	0.61	0.12	0.13
8	Escherichia coli	ciprofloxacin	0.96	0.95	0.03	0.03
9	Escherichia coli	gentamicin	0.71	0.69	0.1	0.1
10	Escherichia coli	piperacillin/tazobactam	0.53	0.54	0.1	0.1
11	Escherichia coli	tetracycline	0.5	0.54	0.19	0.2
12	Escherichia coli	trimethoprim	0.76	0.77	0.08	0.08
13	Staphylococcus aureus	cefoxitin	0.97	0.91	0.04	0.14
14	Staphylococcus aureus	ciprofloxacin	0.96	0.96	0.05	0.05
15	Staphylococcus aureus	clindamycin	0.64	0.58	0.24	0.27
16	Staphylococcus aureus	erythromycin	0.89	0.69	0.1	0.28
17	Staphylococcus aureus	fusidic acid	0.65	0.6	0.11	0.16
18	Staphylococcus aureus	gentamicin	0.71	0.65	0.23	0.21
19	Staphylococcus aureus	methicillin	0.96	0.81	0.03	0.27
20	Staphylococcus aureus	penicillin	0.83	0.76	0.18	0.22
21	Staphylococcus aureus	tetracycline	0.79	0.74	0.15	0.23
22	Salmonella enterica	amoxicillin/clavulanic acid	0.93	0.83	0.11	0.21
23	Salmonella enterica	ampicillin	0.81	0.8	0.16	0.16
24	Salmonella enterica	cefoxitin	0.96	0.83	0.04	0.16
25	Salmonella enterica	ceftiofur	0.96	0.86	0.08	0.15
26	Salmonella enterica	ceftriaxone	0.94	0.87	0.11	0.17
27	Salmonella enterica	chloramphenicol	0.67	0.66	0.24	0.24
28	Salmonella enterica	gentamicin	0.76	0.67	0.17	0.13
29	Salmonella enterica	nalidixic acid	0.86	0.86	0.16	0.16
30	Salmonella enterica	streptomycin	0.8	0.79	0.12	0.13
31	Salmonella enterica	sulfisoxazole	0.85	0.85	0.14	0.15
32	Salmonella enterica	tetracycline	0.85	0.82	0.17	0.18
33	Klebsiella pneumoniae	amikacin	0.53	0.56	0.13	0.14
34	Klebsiella pneumoniae	aztreonam	0.48	0.48	0.03	0.03
35	Klebsiella pneumoniae	cefepime	0.52	0.51	0.2	0.19
36	Klebsiella pneumoniae	cefoxitin	0.68	0.66	0.1	0.1
37	Klebsiella pneumoniae	ciprofloxacin	0.69	0.67	0.23	0.27
38	Klebsiella pneumoniae	gentamicin	0.79	0.83	0.09	0.08
39	Klebsiella pneumoniae	imipenem	0.64	0.55	0.07	0.2
40	Klebsiella pneumoniae	levofloxacin	0.51	0.49	0.36	0.38
41	Klebsiella pneumoniae	meropenem	0.71	0.73	0.1	0.11
42	Klebsiella pneumoniae	piperacillin/tazobactam	0.64	0.64	0.1	0.07
43	Klebsiella pneumoniae	tetracycline	0.7	0.5	0.07	0.22
44	Klebsiella pneumoniae	tobramycin	0.61	0.59	0.26	0.26
45	Klebsiella pneumoniae	trimethoprim/sulfamethoxazole	0.82	0.67	0.06	0.19
46	Pseudomonas aeruginosa	ceftazidime	0.61	0.62	0.15	0.14
47	Pseudomonas aeruginosa	ciprofloxacin	0.63	0.61	0.13	0.12
48	Pseudomonas aeruginosa	levofloxacin	0.66	0.65	0.11	0.11
49	Pseudomonas aeruginosa	meropenem	0.56	0.58	0.07	0.09
50	Pseudomonas aeruginosa	tobramycin	0.83	0.82	0.15	0.14
51	Acinetobacter baumannii	amikacin	0.74	0.74	0.2	0.17
52	Acinetobacter baumannii	ampicillin/sulbactam	0.63	0.63	0.19	0.19
53	Acinetobacter baumannii	imipenem	0.67	0.67	0.27	0.26
54	Acinetobacter baumannii	levofloxacin	0.73	0.72	0.1	0.08
55	Acinetobacter baumannii	meropenem	0.55	0.56	0.13	0.17
56	Acinetobacter baumannii	tobramycin	0.79	0.7	0.11	0.17
57	Acinetobacter baumannii	trimethoprim/sulfamethoxazole	0.77	0.75	0.23	0.21
58	Streptococcus pneumoniae	chloramphenicol	0.72	0.7	0.21	0.2
59	Streptococcus pneumoniae	erythromycin	0.98	0.98	0.01	0.01
60	Streptococcus pneumoniae	penicillin	0.56	0.55	0.15	0.15
61	Streptococcus pneumoniae	tetracycline	0.91	0.91	0.11	0.11
62	Streptococcus pneumoniae	trimethoprim/sulfamethoxazole	0.46	0.46	0.11	0.11
63	Mycobacterium tuberculosis	amikacin	0.85	0.57	0.1	0.21
64	Mycobacterium tuberculosis	capreomycin	0.66	0.71	0.13	0.11
65	Mycobacterium tuberculosis	ethambutol	0.8	0.76	0.02	0.05
66	Mycobacterium tuberculosis	ethiomide	0.57	0.52	0.12	0.14
67	Mycobacterium tuberculosis	ethionamide	0.5	0.47	0.07	0.07
68	Mycobacterium tuberculosis	isoniazid	0.95	0.94	0.02	0.02
69	Mycobacterium tuberculosis	kanamycin	0.7	0.7	0.16	0.16
70	Mycobacterium tuberculosis	ofloxacin	0.58	0.66	0.13	0.1
71	Mycobacterium tuberculosis	pyrazinamide	0.78	0.72	0.06	0.2
72	Mycobacterium tuberculosis	rifampicin	0.94	0.9	0.01	0.16
73	Mycobacterium tuberculosis	rifampin	0.89	0.86	0.04	0.05
74	Mycobacterium tuberculosis	streptomycin	0.76	0.64	0.09	0.19
75	Campylobacter jejuni	tetracycline	0.92	0.84	0.13	0.13
76	Enterococcus faecium	vancomycin	0.93	0.88	0.12	0.1
77	Neisseria gonorrhoeae	azithromycin	0.68	0.68	0.17	0.19
78	Neisseria gonorrhoeae	cefixime	0.61	0.53	0.27	0.31
