	species	anti	Acronym	Resistant	Susceptible
0	Escherichia coli	amoxicillin	AMX	693	425
1	Escherichia coli	amoxicillin/clavulanic acid	AMC	735	1478
2	Escherichia coli	ampicillin	AM	951	533
3	Escherichia coli	aztreonam	ATM	114	434
4	Escherichia coli	cefotaxime	CTX	185	1205
5	Escherichia coli	ceftazidime	CAZ	193	1493
6	Escherichia coli	ceftriaxone	CRO	199	190
7	Escherichia coli	cefuroxime	CXM	215	1148
8	Escherichia coli	ciprofloxacin	CIP	489	1274
9	Escherichia coli	gentamicin	GM	178	1573
10	Escherichia coli	piperacillin/tazobactam	TZP	137	1347
11	Escherichia coli	tetracycline	TE	171	114
12	Escherichia coli	trimethoprim	TMP	195	273
13	Staphylococcus aureus	cefoxitin	FOX	818	241
14	Staphylococcus aureus	ciprofloxacin	CIP	791	1073
15	Staphylococcus aureus	clindamycin	CM	259	621
16	Staphylococcus aureus	erythromycin	E	703	1496
17	Staphylococcus aureus	fusidic acid	FA	296	1726
18	Staphylococcus aureus	gentamicin	GM	147	2077
19	Staphylococcus aureus	methicillin	MET	1145	811
20	Staphylococcus aureus	penicillin	PCN	1062	158
21	Staphylococcus aureus	tetracycline	TE	207	1709
22	Salmonella enterica	amoxicillin/clavulanic acid	AMC	202	1180
23	Salmonella enterica	ampicillin	AM	813	1109
24	Salmonella enterica	cefoxitin	FOX	177	1378
25	Salmonella enterica	ceftiofur	TIO	198	1233
26	Salmonella enterica	ceftriaxone	CRO	209	1285
27	Salmonella enterica	chloramphenicol	C	380	1517
28	Salmonella enterica	gentamicin	GM	170	1581
29	Salmonella enterica	nalidixic acid	NA	185	1702
30	Salmonella enterica	streptomycin	S	761	1084
31	Salmonella enterica	sulfisoxazole	SIX	410	949
32	Salmonella enterica	tetracycline	TE	1039	846
33	Klebsiella pneumoniae	amikacin	AN	150	1361
34	Klebsiella pneumoniae	aztreonam	ATM	1288	131
35	Klebsiella pneumoniae	cefepime	CEF	906	397
36	Klebsiella pneumoniae	cefoxitin	FOX	799	602
37	Klebsiella pneumoniae	ciprofloxacin	CIP	1488	209
38	Klebsiella pneumoniae	gentamicin	GM	775	911
39	Klebsiella pneumoniae	imipenem	IPM	521	948
40	Klebsiella pneumoniae	levofloxacin	LVX	1181	235
41	Klebsiella pneumoniae	meropenem	MEM	538	1071
42	Klebsiella pneumoniae	piperacillin/tazobactam	TZP	986	360
43	Klebsiella pneumoniae	tetracycline	TE	697	557
44	Klebsiella pneumoniae	tobramycin	TM	787	527
45	Klebsiella pneumoniae	trimethoprim/sulfamethoxazole	SXT	1316	366
46	Pseudomonas aeruginosa	ceftazidime	CAZ	281	376
47	Pseudomonas aeruginosa	ciprofloxacin	CIP	277	268
48	Pseudomonas aeruginosa	levofloxacin	LVX	187	249
49	Pseudomonas aeruginosa	meropenem	MEM	399	311
50	Pseudomonas aeruginosa	tobramycin	TM	169	413
51	Acinetobacter baumannii	amikacin	AN	513	339
52	Acinetobacter baumannii	ampicillin/sulbactam	FAM	363	315
53	Acinetobacter baumannii	imipenem	IPM	498	555
54	Acinetobacter baumannii	levofloxacin	LVX	613	107
55	Acinetobacter baumannii	meropenem	MEM	286	159
56	Acinetobacter baumannii	tobramycin	TM	544	264
57	Acinetobacter baumannii	trimethoprim/sulfamethoxazole	SXT	652	101
58	Streptococcus pneumoniae	chloramphenicol	C	104	1799
59	Streptococcus pneumoniae	erythromycin	E	766	1611
60	Streptococcus pneumoniae	penicillin	PCN	1082	1166
61	Streptococcus pneumoniae	tetracycline	TE	593	1312
62	Streptococcus pneumoniae	trimethoprim/sulfamethoxazole	SXT	1714	727
63	Campylobacter jejuni	tetracycline	TE	272	123
64	Enterococcus faecium	vancomycin	VA	134	143
65	Neisseria gonorrhoeae	azithromycin	AZI	210	234
66	Neisseria gonorrhoeae	cefixime	FIX	117	264
67	Mycobacterium tuberculosis	amikacin	AN	302	1233
68	Mycobacterium tuberculosis	capreomycin	CAP	346	1189
69	Mycobacterium tuberculosis	ethambutol	EMB	2098	9667
70	Mycobacterium tuberculosis	ethiomide	ETH	149	192
71	Mycobacterium tuberculosis	ethionamide	ETO	139	298
72	Mycobacterium tuberculosis	isoniazid	INH	4542	8529
73	Mycobacterium tuberculosis	kanamycin	K	393	1225
74	Mycobacterium tuberculosis	ofloxacin	OFX	408	771
75	Mycobacterium tuberculosis	pyrazinamide	PZA	1319	6669
76	Mycobacterium tuberculosis	rifampicin	RA	2658	5081
77	Mycobacterium tuberculosis	streptomycin	S	1356	3807