ab	short	M. tuberculosis	S. enterica	S. pneumoniae	E. coli	S. aureus	K. pneumoniae	A. baumannii	P. aeruginosa	C. jejuni	Total
amikacin	AN	1	0	0	0	0	1	1	0	0	3
amoxicillin/clavulanic acid	AMC	0	1	0	1	0	0	0	0	0	2
ampicillin	AM	0	1	0	1	0	0	0	0	0	2
aztreonam	ATM	0	0	0	1	0	1	0	0	0	2
cefoxitin	FOX	0	1	0	0	1	1	0	0	0	3
ceftazidime	CAZ	0	0	0	1	0	0	0	1	0	2
ceftriaxone	CRO	0	1	0	1	0	0	0	0	0	2
chloramphenicol	C	0	1	1	0	0	0	0	0	0	2
ciprofloxacin	CIP	0	0	0	1	1	1	0	1	0	4
erythromycin	E	0	0	1	0	1	0	0	0	0	2
gentamicin	GM	0	1	0	1	1	1	0	0	0	4
imipenem	IPM	0	0	0	0	0	1	1	0	0	2
levofloxacin	LVX	0	0	0	0	0	1	1	1	0	3
meropenem	MEM	0	0	0	0	0	1	1	1	0	3
penicillin	PCN	0	0	1	0	1	0	0	0	0	2
piperacillin/tazobactam	TZP	0	0	0	1	0	1	0	0	0	2
streptomycin	S	1	1	0	0	0	0	0	0	0	2
tetracycline	TE	0	1	1	1	1	1	0	0	1	6
tobramycin	TM	0	0	0	0	0	1	1	1	0	3
trimethoprim/sulfamethoxazole	SXT	0	0	1	0	0	1	1	0	0	3