ab	short	M. tuberculosis	S. enterica	S. pneumoniae	E. coli	S. aureus	K. pneumoniae	A. baumannii	P. aeruginosa	C. jejuni	
amikacin	AN	1535					1511	852			
amoxicillin/clavulanic acid	AMC		1382		2213						
ampicillin	AM		1922		1484						
aztreonam	ATM				548		1419				
cefoxitin	FOX		1555			1059	1401				
ceftazidime	CAZ				1686				657		
ceftriaxone	CRO		1494		389						
chloramphenicol	C		1897	1903							
ciprofloxacin	CIP				1763	1864	1697		545		
erythromycin	E			2377		2199					
gentamicin	GM		1751		1751	2224	1686				
imipenem	IPM						1469	1053			
levofloxacin	LVX						1416	720	436		
meropenem	MEM						1609	445	710		
penicillin	PCN			2248		1220					
piperacillin/tazobactam	TZP				1484		1346				
streptomycin	S	5163	1845								
tetracycline	TE		1885	1905	285	1916	1254			395	
tobramycin	TM						1314	808	582		
trimethoprim/sulfamethoxazole	SXT			2441			1682	753			