	species	antibiotics	Acronym	ResFinder_mean	Aytan-Aktug_mean	Seq2Geno2Pheno_mean	PhenotypeSeeker_mean	Kover_mean
0	E. coli	amoxicillin	AMX	0.94	0.86	0.9	0.89	0.93
1	E. coli	amoxicillin/clavulanic acid	AMC	0.7	0.71	0.77	0.74	0.77
2	E. coli	ampicillin	AM	0.97	0.84	0.91	0.93	0.96
3	E. coli	aztreonam	ATM	0.87	0.85	0.91	0.91	0.92
4	E. coli	cefotaxime	CTX	0.96	0.9	0.94	0.93	0.95
5	E. coli	ceftazidime	CAZ	0.9	0.78	0.88	0.87	0.92
6	E. coli	ceftriaxone	CRO	0.85	0.84	0.89	0.91	0.93
7	E. coli	cefuroxime	CXM		0.74	0.7	0.76	0.79
8	E. coli	ciprofloxacin	CIP	0.9	0.98	0.95	0.98	0.98
9	E. coli	gentamicin	GM	0.94	0.89	0.94	0.91	0.95
10	E. coli	piperacillin/tazobactam	TZP	0.68	0.62	0.66	0.66	0.65
11	E. coli	tetracycline	TE	0.94	0.75	0.84	0.79	0.93
12	E. coli	trimethoprim	TMP	0.96	0.84	0.86	0.91	0.92
13	S. aureus	cefoxitin	FOX	1.0	0.99	1.0	1.0	0.99
14	S. aureus	ciprofloxacin	CIP	0.99	0.99	0.97	0.99	0.99
15	S. aureus	clindamycin	CM	0.98	0.96	0.95	0.97	0.96
16	S. aureus	erythromycin	E	0.98	0.84	0.98	0.96	0.98
17	S. aureus	fusidic acid	FA	0.98	0.97	0.93	0.92	0.97
18	S. aureus	gentamicin	GM	0.99	0.98	0.99	0.98	0.99
19	S. aureus	methicillin	MET		0.99	0.99	0.99	0.99
20	S. aureus	penicillin	PCN	0.96	0.95	0.95	0.96	0.95
21	S. aureus	tetracycline	TE	0.98	0.97	0.98	0.98	0.97
22	S. enterica	amoxicillin/clavulanic acid	AMC	0.98	0.97	0.97	0.98	0.98
23	S. enterica	ampicillin	AM	0.97	0.95	0.96	0.95	0.96
24	S. enterica	cefoxitin	FOX	0.97	0.96	0.97	0.97	0.97
25	S. enterica	ceftiofur	TIO		0.98	0.98	0.98	0.98
26	S. enterica	ceftriaxone	CRO	0.51	0.98	0.98	0.99	0.98
27	S. enterica	chloramphenicol	C	0.97	0.96	0.97	0.95	0.97
28	S. enterica	gentamicin	GM	0.97	0.95	0.94	0.95	0.92
29	S. enterica	nalidixic acid	NA	0.98	0.97	0.9	0.97	0.98
30	S. enterica	streptomycin	S	0.93	0.93	0.93	0.92	0.94
31	S. enterica	sulfisoxazole	SIX		0.99	0.99	0.99	0.99
32	S. enterica	tetracycline	TE	0.98	0.98	0.98	0.98	0.98
33	K. pneumoniae	amikacin	AN	0.51	0.81	0.87	0.83	0.83
34	K. pneumoniae	aztreonam	ATM	0.64	0.55	0.63	0.61	0.48
35	K. pneumoniae	cefepime	CEF	0.61	0.64	0.74	0.71	0.65
36	K. pneumoniae	cefoxitin	FOX	0.75	0.81	0.87	0.86	0.85
37	K. pneumoniae	ciprofloxacin	CIP	0.48	0.88	0.88	0.93	0.93
38	K. pneumoniae	gentamicin	GM	0.96	0.94	0.96	0.96	0.96
39	K. pneumoniae	imipenem	IPM	0.95	0.93	0.95	0.95	0.95
40	K. pneumoniae	levofloxacin	LVX		0.91	0.92	0.93	0.92
41	K. pneumoniae	meropenem	MEM	0.93	0.92	0.93	0.93	0.93
42	K. pneumoniae	piperacillin/tazobactam	TZP	0.62	0.75	0.83	0.79	0.75
43	K. pneumoniae	tetracycline	TE	0.85	0.86	0.89	0.8	0.87
44	K. pneumoniae	tobramycin	TM	0.78	0.91	0.92	0.93	0.92
45	K. pneumoniae	trimethoprim/sulfamethoxazole	SXT		0.88	0.88	0.91	0.88
46	P. aeruginosa	ceftazidime	CAZ	0.3	0.69	0.72	0.74	0.73
47	P. aeruginosa	ciprofloxacin	CIP	0.53	0.75	0.79	0.9	0.87
48	P. aeruginosa	levofloxacin	LVX		0.73	0.79	0.91	0.92
49	P. aeruginosa	meropenem	MEM	0.49	0.59	0.89	0.7	0.73
50	P. aeruginosa	tobramycin	TM	0.93	0.93	0.9	0.91	0.9
51	A. baumannii	amikacin	AN	0.93	0.95	0.93	0.93	0.95
52	A. baumannii	ampicillin/sulbactam	FAM		0.92	0.91	0.91	0.9
53	A. baumannii	imipenem	IPM	0.89	0.93	0.93	0.94	0.92
54	A. baumannii	levofloxacin	LVX		0.93	0.94	0.97	0.98
55	A. baumannii	meropenem	MEM	0.83	0.93	0.88	0.9	0.93
56	A. baumannii	tobramycin	TM	0.94	0.94	0.94	0.91	0.93
57	A. baumannii	trimethoprim/sulfamethoxazole	SXT		0.9	0.83	0.83	0.8
58	S. pneumoniae	chloramphenicol	C	0.9	0.89	0.84	0.9	0.9
59	S. pneumoniae	erythromycin	E	0.98	0.98	0.99	0.99	0.98
60	S. pneumoniae	penicillin	PCN	0.34	0.65	0.93	0.94	0.94
61	S. pneumoniae	tetracycline	TE	0.96	0.96	0.97	0.96	0.97
62	S. pneumoniae	trimethoprim/sulfamethoxazole	SXT		0.49	0.91	0.93	0.91
63	C. jejuni	tetracycline	TE	0.97	0.96	0.98	0.97	0.98
64	E. faecium	vancomycin	VA	0.96	0.97	0.98	0.94	1.0
65	N. gonorrhoeae	azithromycin	AZI	0.35	0.9	0.95	0.95	0.93
66	N. gonorrhoeae	cefixime	FIX	0.41	0.92	0.96	0.9	0.96
67	M. tuberculosis	amikacin	AN	0.94	0.93		0.93	0.93
68	M. tuberculosis	capreomycin	CAP	0.9	0.85		0.88	0.89
69	M. tuberculosis	ethambutol	EMB	0.76	0.83			0.86
70	M. tuberculosis	ethiomide	ETH		0.79		0.8	0.76
71	M. tuberculosis	ethionamide	ETO	0.54	0.74		0.71	0.74
72	M. tuberculosis	isoniazid	INH	0.96	0.96			0.96
73	M. tuberculosis	kanamycin	K	0.93	0.82		0.91	0.93
74	M. tuberculosis	ofloxacin	OFX		0.71		0.92	0.92
75	M. tuberculosis	pyrazinamide	PZA	0.84	0.86			0.84
76	M. tuberculosis	rifampicin	RA	0.96	0.96			0.97
77	M. tuberculosis	streptomycin	S	0.87	0.88		0.87	0.89
