	species	antibiotics	Acronym	ResFinder	Aytan-Aktug	Seq2Geno2Pheno	PhenotypeSeeker	Kover
0	E. coli	amoxicillin	AMX	True	False	False	False	False
1	E. coli	amoxicillin/clavulanic acid	AMC	False	False	True	False	False
2	E. coli	ampicillin	AM	True	False	False	False	False
3	E. coli	aztreonam	ATM	False	False	False	False	True
4	E. coli	cefotaxime	CTX	True	False	False	False	False
5	E. coli	ceftazidime	CAZ	False	False	False	False	True
6	E. coli	ceftriaxone	CRO	False	False	False	False	True
7	E. coli	cefuroxime	CXM	False	False	False	False	True
8	E. coli	ciprofloxacin	CIP	False	True	False	True	True
9	E. coli	gentamicin	GM	False	False	False	False	True
10	E. coli	piperacillin/tazobactam	TZP	True	False	False	False	False
11	E. coli	tetracycline	TE	True	False	False	False	False
12	E. coli	trimethoprim	TMP	True	False	False	False	False
13	S. aureus	cefoxitin	FOX	True	False	True	True	False
14	S. aureus	ciprofloxacin	CIP	True	True	False	True	True
15	S. aureus	clindamycin	CM	True	False	False	False	False
16	S. aureus	erythromycin	E	True	False	True	False	True
17	S. aureus	fusidic acid	FA	True	False	False	False	False
18	S. aureus	gentamicin	GM	True	False	True	False	False
19	S. aureus	methicillin	MET	False	True	True	True	True
20	S. aureus	penicillin	PCN	True	False	False	False	False
21	S. aureus	tetracycline	TE	True	False	True	True	False
22	S. enterica	amoxicillin/clavulanic acid	AMC	True	False	False	True	True
23	S. enterica	ampicillin	AM	True	False	False	False	False
24	S. enterica	cefoxitin	FOX	True	False	True	True	True
25	S. enterica	ceftiofur	TIO	False	False	False	True	False
26	S. enterica	ceftriaxone	CRO	False	False	False	True	False
27	S. enterica	chloramphenicol	C	True	False	True	False	True
28	S. enterica	gentamicin	GM	True	False	False	False	False
29	S. enterica	nalidixic acid	NA	True	False	False	False	False
30	S. enterica	streptomycin	S	False	False	False	False	True
31	S. enterica	sulfisoxazole	SIX	False	True	True	True	True
32	S. enterica	tetracycline	TE	True	True	True	True	True
33	K. pneumoniae	amikacin	AN	False	False	True	False	False
34	K. pneumoniae	aztreonam	ATM	True	False	False	False	False
35	K. pneumoniae	cefepime	CEF	False	False	True	False	False
36	K. pneumoniae	cefoxitin	FOX	False	False	True	False	False
37	K. pneumoniae	ciprofloxacin	CIP	False	False	False	True	True
38	K. pneumoniae	gentamicin	GM	False	False	False	False	True
39	K. pneumoniae	imipenem	IPM	False	False	True	True	False
40	K. pneumoniae	levofloxacin	LVX	False	False	False	True	False
41	K. pneumoniae	meropenem	MEM	False	False	False	False	True
42	K. pneumoniae	piperacillin/tazobactam	TZP	False	False	True	False	False
43	K. pneumoniae	tetracycline	TE	False	False	True	False	False
44	K. pneumoniae	tobramycin	TM	False	False	False	True	False
45	K. pneumoniae	trimethoprim/sulfamethoxazole	SXT	False	False	False	True	False
46	P. aeruginosa	ceftazidime	CAZ	False	False	False	True	False
47	P. aeruginosa	ciprofloxacin	CIP	False	False	False	True	False
48	P. aeruginosa	levofloxacin	LVX	False	False	False	False	True
49	P. aeruginosa	meropenem	MEM	False	False	True	False	False
50	P. aeruginosa	tobramycin	TM	True	True	False	False	False
51	A. baumannii	amikacin	AN	False	True	False	False	True
52	A. baumannii	ampicillin/sulbactam	FAM	False	True	False	False	False
53	A. baumannii	imipenem	IPM	False	False	False	True	False
54	A. baumannii	levofloxacin	LVX	False	False	False	False	True
55	A. baumannii	meropenem	MEM	False	False	False	False	True
56	A. baumannii	tobramycin	TM	False	True	True	False	False
57	A. baumannii	trimethoprim/sulfamethoxazole	SXT	False	True	False	False	False
58	S. pneumoniae	chloramphenicol	C	True	False	False	True	True
59	S. pneumoniae	erythromycin	E	False	False	True	True	False
60	S. pneumoniae	penicillin	PCN	False	False	False	True	True
61	S. pneumoniae	tetracycline	TE	False	False	True	False	True
62	S. pneumoniae	trimethoprim/sulfamethoxazole	SXT	False	False	False	True	False
63	C. jejuni	tetracycline	TE	False	False	True	False	True
64	E. faecium	vancomycin	VA	False	False	False	False	True
65	N. gonorrhoeae	azithromycin	AZI	False	False	True	False	False
66	N. gonorrhoeae	cefixime	FIX	False	False	False	False	True
67	M. tuberculosis	amikacin	AN	True	False	False	False	False
68	M. tuberculosis	capreomycin	CAP	True	False	False	False	False
69	M. tuberculosis	ethambutol	EMB	False	False	False	False	True
70	M. tuberculosis	ethiomide	ETH	False	False	False	True	False
71	M. tuberculosis	ethionamide	ETO	False	False	False	False	True
72	M. tuberculosis	isoniazid	INH	True	True	False	False	True
73	M. tuberculosis	kanamycin	K	True	False	False	False	True
74	M. tuberculosis	ofloxacin	OFX	False	False	False	True	True
75	M. tuberculosis	pyrazinamide	PZA	False	True	False	False	False
76	M. tuberculosis	rifampicin	RA	False	False	False	False	True
77	M. tuberculosis	streptomycin	S	False	False	False	False	True
