	species	antibiotics	Acronym	ResFinder	Aytan-Aktug	Seq2Geno2Pheno	PhenotypeSeeker	Kover
0	E. coli	amoxicillin	AMX	True	False	False	False	False
1	E. coli	amoxicillin/clavulanic acid	AMC	False	False	False	False	True
2	E. coli	ampicillin	AM	True	False	False	False	False
3	E. coli	aztreonam	ATM	False	False	False	True	False
4	E. coli	cefotaxime	CTX	True	False	False	False	False
5	E. coli	ceftazidime	CAZ	True	False	False	False	False
6	E. coli	ceftriaxone	CRO	False	False	False	False	True
7	E. coli	cefuroxime	CXM	False	False	False	False	True
8	E. coli	ciprofloxacin	CIP	False	True	False	False	False
9	E. coli	gentamicin	GM	True	False	False	False	False
10	E. coli	piperacillin/tazobactam	TZP	True	False	False	False	False
11	E. coli	tetracycline	TE	True	False	False	False	False
12	E. coli	trimethoprim	TMP	True	False	False	False	False
13	S. aureus	cefoxitin	FOX	True	False	False	False	False
14	S. aureus	ciprofloxacin	CIP	True	False	False	False	False
15	S. aureus	clindamycin	CM	True	False	False	False	False
16	S. aureus	erythromycin	E	True	False	False	False	False
17	S. aureus	fusidic acid	FA	True	False	False	False	False
18	S. aureus	gentamicin	GM	True	False	True	False	False
19	S. aureus	methicillin	MET	False	False	True	True	False
20	S. aureus	penicillin	PCN	False	False	True	False	False
21	S. aureus	tetracycline	TE	True	False	False	False	False
22	S. enterica	amoxicillin/clavulanic acid	AMC	True	False	False	True	True
23	S. enterica	ampicillin	AM	True	False	False	False	False
24	S. enterica	cefoxitin	FOX	True	False	False	True	True
25	S. enterica	ceftiofur	TIO	False	False	False	True	True
26	S. enterica	ceftriaxone	CRO	False	False	True	True	True
27	S. enterica	chloramphenicol	C	True	False	False	False	False
28	S. enterica	gentamicin	GM	True	False	False	False	False
29	S. enterica	nalidixic acid	NA	True	False	False	False	False
30	S. enterica	streptomycin	S	True	False	False	False	False
31	S. enterica	sulfisoxazole	SIX	False	False	False	False	True
32	S. enterica	tetracycline	TE	True	False	False	False	True
33	K. pneumoniae	amikacin	AN	False	False	False	False	True
34	K. pneumoniae	aztreonam	ATM	True	False	False	False	False
35	K. pneumoniae	cefepime	CEF	False	False	True	False	False
36	K. pneumoniae	cefoxitin	FOX	False	False	False	False	True
37	K. pneumoniae	ciprofloxacin	CIP	False	False	False	False	True
38	K. pneumoniae	gentamicin	GM	True	False	False	False	False
39	K. pneumoniae	imipenem	IPM	True	False	False	False	False
40	K. pneumoniae	levofloxacin	LVX	False	False	False	True	False
41	K. pneumoniae	meropenem	MEM	True	False	False	False	False
42	K. pneumoniae	piperacillin/tazobactam	TZP	False	False	True	False	False
43	K. pneumoniae	tetracycline	TE	True	False	False	False	False
44	K. pneumoniae	tobramycin	TM	False	False	False	True	False
45	K. pneumoniae	trimethoprim/sulfamethoxazole	SXT	False	False	False	True	False
46	P. aeruginosa	ceftazidime	CAZ	False	False	False	False	True
47	P. aeruginosa	ciprofloxacin	CIP	False	False	False	True	False
48	P. aeruginosa	levofloxacin	LVX	False	False	False	True	False
49	P. aeruginosa	meropenem	MEM	False	False	True	False	False
50	P. aeruginosa	tobramycin	TM	True	False	False	False	False
51	A. baumannii	amikacin	AN	False	False	False	False	True
52	A. baumannii	ampicillin/sulbactam	FAM	False	True	False	False	False
53	A. baumannii	imipenem	IPM	True	True	False	False	False
54	A. baumannii	levofloxacin	LVX	False	False	False	False	True
55	A. baumannii	meropenem	MEM	False	False	False	False	True
56	A. baumannii	tobramycin	TM	True	False	False	False	False
57	A. baumannii	trimethoprim/sulfamethoxazole	SXT	False	True	False	False	False
58	S. pneumoniae	chloramphenicol	C	True	False	False	False	True
59	S. pneumoniae	erythromycin	E	True	True	True	True	False
60	S. pneumoniae	penicillin	PCN	False	False	False	False	True
61	S. pneumoniae	tetracycline	TE	True	True	False	True	False
62	S. pneumoniae	trimethoprim/sulfamethoxazole	SXT	False	False	False	False	True
63	C. jejuni	tetracycline	TE	False	False	False	False	True
64	E. faecium	vancomycin	VA	False	False	False	False	True
65	N. gonorrhoeae	azithromycin	AZI	False	False	True	False	False
66	N. gonorrhoeae	cefixime	FIX	False	False	False	False	True
