Antibiotic subgroup	Antibiotic class	Antibiotics	Acronym	Mechanism classification
Aminoglycosides	Aminoglycosides	amikacin	AN	Ribosomal blockade/inhibition 
Penicillin	Beta-lactams	amoxicillin	AMX	Cell wall Integrity disruption
Penicillin	Beta-lactams	amoxicillin/clavulanic acid	AMC	Cell wall Integrity disruption
Penicillin	Beta-lactams	ampicillin	AM	Cell wall Integrity disruption
Penicillin	Beta-lactams	ampicillin/sulbactam	FAM	Cell wall Integrity disruption
Macrolides	Macrolides	azithromycin	AZI	Ribosomal blockade/inhibition 
Monobactam	Beta-lactams	aztreonam	ATM	Cell wall Integrity disruption
aminoglycosides	Aminoglycosides	capreomycin	CAP	Ribosomal blockade/inhibition 
Cephalosporins	Beta-lactams	cefepime	CEF	Cell wall Integrity disruption
Cephalosporins	Beta-lactams	cefixime	FIX	Cell wall Integrity disruption
Cephalosporins	Beta-lactams	cefotaxime	CTX	Cell wall Integrity disruption
Cephalosporins	Beta-lactams	cefoxitin	FOX	Cell wall Integrity disruption
Cephalosporins	Beta-lactams	ceftazidime	CAZ	Cell wall Integrity disruption
Cephalosporins	Beta-lactams	ceftiofur	TIO	Cell wall Integrity disruption
Cephalosporins	Beta-lactams	ceftriaxone	CRO	Cell wall Integrity disruption
Cephalosporins	Beta-lactams	cefuroxime	CXM	Cell wall Integrity disruption
Chloramphenicol	Chloramphenicol	chloramphenicol	C	Ribosomal blockade/inhibition 
Fluoroquinolones	Quinolones	ciprofloxacin	CIP	DNA gyrase inhibition
Lincosamides, Oxazolidinones, and Streptogramins	Lincosamides	clindamycin	CM	Ribosomal blockade/inhibition 
Macrolides	Macrolides	erythromycin	E	Ribosomal blockade/inhibition 
TB drugs	TB drugs	ethambutol	EMB	Cell wall Integrity disruption
TB drugs	TB drugs	ethiomide	ETH	Cell wall Integrity disruption
TB drugs	TB drugs	ethionamide	ETO	Cell wall Integrity disruption
fusidane	fusidane	fusidic acid	FA	Ribosomal blockade/inhibition 
Aminoglycosides	Aminoglycosides	gentamicin	GM	Ribosomal blockade/inhibition
Carbapenems	Beta-lactams	imipenem	IPM	Cell wall Integrity disruption
TB drugs	TB drugs	isoniazid	INH	Cell wall Integrity disruption
Aminoglycosides	Aminoglycosides	kanamycin	K	Ribosomal blockade/inhibition
Fluoroquinolones	Quinolones	levofloxacin	LVX	DNA gyrase inhibition
Carbapenems	Beta-lactams	meropenem	MEM	Cell wall Integrity disruption
Penicillin	Beta-lactams	methicillin	MET	Cell wall Integrity disruption
Quinolones	Quinolones	nalidixic acid	NA	DNA gyrase inhibition
Fluoroquinolones	Quinolones	ofloxacin	OFX	DNA gyrase inhibition
Penicillin	Beta-lactams	penicillin	PCN	Cell wall Integrity disruption
Penicillin	Beta-lactams	piperacillin/tazobactam	TZP	Cell wall Integrity disruption
TB drugs	TB drugs	pyrazinamide	PZA	Cell membrane
Rifamycins	Rifamycins	rifampicin	RA	mRNA transcription
Aminoglycosides	Aminoglycosides	streptomycin	S	Ribosomal blockade/inhibition
Sulfonamides	Sulfonamides	sulfisoxazole	SIX	Nucleic acid synthesis
Tetracyclines	Tetracyclines	tetracycline	TE	Ribosomal blockade/inhibition
Aminoglycosides	Aminoglycosides	tobramycin	TM	Ribosomal blockade/inhibition
dihydrofolate reductase inhibitors	dihydrofolate reductase inhibitors	trimethoprim	TMP	Nucleic acid synthesis
Sulfonamides, dihydrofolate reductase inhibitors	Sulfonamides	trimethoprim/sulfamethoxazole	SXT	Dihydrofolic acid synthesis inhibition
Glycopeptides and Lipoglycopeptides	Glycopeptides and Lipoglycopeptides	vancomycin	VA	Cell wall Integrity disruption