				
	Antibiotic class	Antibiotics		
	Aminoglycosides	amikacin, capreomycin, gentamicin, kanamycin, streptomycin, tobramycin		
	Beta-lactams	amoxicillin, amoxicillin/clavulanic acid, ampicillin, ampicillin/sulbactam, aztreonam, cefepime, cefixime, cefotaxime, cefoxitin, ceftazidime, ceftiofur, ceftriaxone, cefuroxime, imipenem, meropenem, methicillin, penicillin, piperacillin/tazobactam		
	Macrolides	azithromycin, erythromycin		
	Chloramphenicol	chloramphenicol		
	Quinolones	ciprofloxacin, levofloxacin, nalidixic acid, ofloxacin		
	Lincosamides	clindamycin		
	TB drugs	ethambutol, ethiomide, ethionamide, isoniazid, pyrazinamide		
	Fusidane	fusidic acid		
	Rifamycins	rifampicin		
	Sulfonamides	sulfisoxazole		
	Tetracyclines	tetracycline		
	Dihydrofolate reductase inhibitors	trimethoprim		
	Sulfonamides and Dihydrofolate reductase inhibitors	trimethoprim/sulfamethoxazole		
	Glycopeptides and Lipoglycopeptides	vancomycin		