Antibiotic class	Antibiotics			
Aminoglycosides	capreomycin			
Aminoglycosides	amikacin			
Aminoglycosides	gentamicin			
Aminoglycosides	kanamycin			
Aminoglycosides	streptomycin			
Aminoglycosides	tobramycin			
Beta-lactams	amoxicillin			
Beta-lactams	amoxicillin/clavulanic acid			
Beta-lactams	ampicillin			
Beta-lactams	ampicillin/sulbactam			
Beta-lactams	aztreonam			
Beta-lactams	cefepime			
Beta-lactams	cefixime			
Beta-lactams	cefotaxime			
Beta-lactams	cefoxitin			
Beta-lactams	ceftazidime			
Beta-lactams	ceftiofur			
Beta-lactams	ceftriaxone			
Beta-lactams	cefuroxime			
Beta-lactams	imipenem			
Beta-lactams	meropenem			
Beta-lactams	methicillin			
Beta-lactams	penicillin			
Beta-lactams	piperacillin/tazobactam			
Chloramphenicol	chloramphenicol			
dihydrofolate reductase inhibitors	trimethoprim			
 fusidane	fusidic acid			
Glycopeptides and Lipoglycopeptides	vancomycin			
Lincosamides	clindamycin			
macrolides	azithromycin			
macrolides	erythromycin			
Quinolones 	ciprofloxacin			
Quinolones 	levofloxacin			
Quinolones 	nalidixic acid			
Quinolones 	ofloxacin			
Rifamycins	rifampicin			
Sulfonamides	sulfisoxazole			
sulfonamides, dihydrofolate reductase inhibitors 	trimethoprim/sulfamethoxazole			
TB drugs	ethambutol			
TB drugs	ethiomide			
TB drugs	ethionamide			
TB drugs	isoniazid			
TB drugs	pyrazinamide			
Tetracyclines	tetracycline			